Picture,Name,Gender,Email,Phone Number,Current Age,Registered,Location
,Andrea Mortensen,female,andrea.mortensen@example.com,83320316,77 years,4 year(s) ago,Denmark
,Hedda Penner,female,hedda.penner@example.com,0516-8383833,24 years,5 year(s) ago,Germany
,Önal Balaban,male,onal.balaban@example.com,(813)-089-4328,33 years,17 year(s) ago,Turkey
,Saana Heikkinen,female,saana.heikkinen@example.com,05-112-928,67 years,6 year(s) ago,Finland
,Betina Tengesdal,female,betina.tengesdal@example.com,55727622,67 years,10 year(s) ago,Norway
,Yusuf Omland,male,yusuf.omland@example.com,76181534,33 years,12 year(s) ago,Norway
,Kuzey Okur,male,kuzey.okur@example.com,(802)-417-4229,49 years,8 year(s) ago,Turkey
,آرسین مرادی,male,arsyn.mrdy@example.com,058-66460610,70 years,8 year(s) ago,Iran
,Byron Smith,male,byron.smith@example.com,0131 348 1358,43 years,16 year(s) ago,United Kingdom
,Vincent Girard,male,vincent.girard@example.com,075 790 44 48,73 years,19 year(s) ago,Switzerland
,Miriam Diaz,female,miriam.diaz@example.com,919-996-171,25 years,7 year(s) ago,Spain
,Oona Kivi,female,oona.kivi@example.com,02-153-438,43 years,7 year(s) ago,Finland
,Micaela Moraes,female,micaela.moraes@example.com,(46) 2368-4720,36 years,6 year(s) ago,Brazil
,Zachary Lewis,male,zachary.lewis@example.com,(358)-012-3097,40 years,17 year(s) ago,New Zealand
,Landon Silva,male,landon.silva@example.com,00-9817-7304,33 years,12 year(s) ago,Australia
,Olivier Ginnish,male,olivier.ginnish@example.com,815-739-8384,42 years,13 year(s) ago,Canada
,Samuel Arias,male,samuel.arias@example.com,992-830-335,74 years,4 year(s) ago,Spain
,Linnea Justi,female,linnea.justi@example.com,03-806-613,29 years,15 year(s) ago,Finland
,Alfred Sims,male,alfred.sims@example.com,031-632-2257,36 years,12 year(s) ago,Ireland
,Alicia Gagnon,female,alicia.gagnon@example.com,570-159-9797,36 years,5 year(s) ago,Canada
,Laurens-Jan Van den Berghe,male,laurens-jan.vandenberghe@example.com,(712)-552-4232,52 years,18 year(s) ago,Netherlands
,Oskari Wiitala,male,oskari.wiitala@example.com,09-732-158,62 years,5 year(s) ago,Finland
,Molly Brooks,female,molly.brooks@example.com,015395 49793,25 years,20 year(s) ago,United Kingdom
,Dimitri Marchand,male,dimitri.marchand@example.com,079 411 27 03,62 years,18 year(s) ago,Switzerland
,مهرسا یاسمی,female,mhrs.ysmy@example.com,054-10310410,57 years,14 year(s) ago,Iran
,Peetu Wirtanen,male,peetu.wirtanen@example.com,08-098-865,54 years,5 year(s) ago,Finland
,Marianne Lavoie,female,marianne.lavoie@example.com,247-061-8006,38 years,19 year(s) ago,Canada
,David Hughes,male,david.hughes@example.com,021-259-7560,52 years,16 year(s) ago,Ireland
,Kamil Verhoek,male,kamil.verhoek@example.com,(047)-298-7745,30 years,3 year(s) ago,Netherlands
,Merlyn Westers,female,merlyn.westers@example.com,(309)-531-1031,42 years,19 year(s) ago,Netherlands
